[
	{
		"schemeId": 16,
		"schemeName": "Deployments",
		"adapterType": "octopus",
		"group": null,
		"active": true,
		"adapterMetadataList": [
			{
				"metadataId": 41,
				"metadataKey": "artifact",
				"metadataValue": "deployments"
			}
		],
		"requestHeaders": [],
		"restTemplates": {
			"CREATE_RECORD": {
				"templateId": 59,
				"operation": "CREATE_RECORD",
				"httpVerb": "POST",
				"restUrl": "/api/deployments",
				"specifications": {
					"Response": {
						"specId": 117,
						"type": "Response",
						"adapterType": null,
						"specType": "JOLT",
						"status": "Active",
						"specification": "[\n  {\n    \"operation\": \"shift\",\n    \"spec\": {\n      \"Id\": \"id\",\n       \"*\": \"fields.&\"\n    }\n  }\n]\n",
						"samplePayload": "{\n  \"Id\": \"Deployments-15\",\n  \"ReleaseId\": \"Releases-5\",\n  \"ChannelId\": \"Channels-3\",\n  \"DeploymentProcessId\": \"deploymentprocess-Projects-2-s-1-HBJ4V\",\n  \"Changes\": [\n    {\n      \"Version\": \"0.0.4\",\n      \"ReleaseNotes\": null,\n      \"BuildInformation\": [],\n      \"WorkItems\": [],\n      \"Commits\": []\n    }\n  ],\n  \"ChangesMarkdown\": \"\\r\\n**Release 0.0.4**\\r\\n\\r\\n\\r\\n\\r\\n\",\n  \"EnvironmentId\": \"Environments-1\",\n  \"TenantId\": null,\n  \"ForcePackageDownload\": false,\n  \"ForcePackageRedeployment\": false,\n  \"SkipActions\": [],\n  \"SpecificMachineIds\": [],\n  \"ExcludedMachineIds\": [],\n  \"ManifestVariableSetId\": \"variableset-Deployments-15\",\n  \"TaskId\": \"ServerTasks-289\",\n  \"ProjectId\": \"Projects-2\",\n  \"UseGuidedFailure\": false,\n  \"Comments\": null,\n  \"FormValues\": {},\n  \"QueueTime\": null,\n  \"QueueTimeExpiry\": null,\n  \"Name\": \"Deploy to Dev-Cluster (#3)\",\n  \"Created\": \"2020-08-04T03:17:12.025+00:00\",\n  \"SpaceId\": \"Spaces-1\",\n  \"TentacleRetentionPeriod\": {\n    \"Unit\": \"Days\",\n    \"QuantityToKeep\": 0,\n    \"ShouldKeepForever\": true\n  },\n  \"DeployedBy\": \"sbhaskara@connectall.com\",\n  \"DeployedById\": \"Users-21\",\n  \"FailureEncountered\": false,\n  \"DeployedToMachineIds\": [],\n  \"LastModifiedOn\": \"2020-08-04T03:17:12.171+00:00\",\n  \"LastModifiedBy\": \"sbhaskara@connectall.com\",\n  \"Links\": {\n    \"Self\": \"/api/Spaces-1/deployments/Deployments-15\",\n    \"Release\": \"/api/Spaces-1/releases/Releases-5\",\n    \"Environment\": \"/api/Spaces-1/environments/Environments-1\",\n    \"Project\": \"/api/Spaces-1/projects/Projects-2\",\n    \"Task\": \"/api/tasks/ServerTasks-289\",\n    \"Web\": \"/app#/Spaces-1/deployments/Deployments-15\",\n    \"Artifacts\": \"/api/Spaces-1/artifacts?regarding=Deployments-15\",\n    \"Interruptions\": \"/api/Spaces-1/interruptions?regarding=Deployments-15\",\n    \"DeploymentProcess\": \"/api/Spaces-1/deploymentprocesses/deploymentprocess-Projects-2-s-1-HBJ4V\",\n    \"Variables\": \"/api/Spaces-1/variables/variableset-Deployments-15\"\n  }\n}",
						"contentAvailable": true,
						"statusCode": 2
					},
					"Request": {
						"specId": 118,
						"type": "Request",
						"adapterType": null,
						"specType": "JOLT",
						"status": "Active",
						"specification": "[\n  {\n    \"operation\": \"shift\",\n    \"spec\": {\n      \"fields\": {\n        \"ReleaseId\": \"ReleaseId\",\n        \"EnvironmentId\": \"EnvironmentId\",\n        \"ChannelId\": \"ChannelId\"\n      }\n    }\n  }\n]\n",
						"samplePayload": "{\n  \"fields\": {\n  \"ReleaseId\": \"Releases-5\",\n  \"ChannelId\": \"Channels-2\",\n  \"EnvironmentId\":\"Environments-1\",\n  \"ProjectId\":\"Projects-2\"\n}\n}",
						"contentAvailable": true,
						"statusCode": 2
					}
				}
			},
			"QUERY_MODIFIED_RECORDS": {
				"templateId": 57,
				"operation": "QUERY_MODIFIED_RECORDS",
				"httpVerb": "GET",
				"restUrl": "/api/deployments",
				"specifications": {
					"Response": {
						"specId": 113,
						"type": "Response",
						"adapterType": null,
						"specType": "JOLT",
						"status": "Active",
						"specification": "[\n  {\n    \"operation\": \"modify-overwrite-beta\",\n    \"spec\": {\n      \"data\": {\n        \"total\": \"=size(@(1,Items))\"\n      }\n    }\n  },\n  {\n    \"operation\": \"shift\",\n    \"spec\": {\n      \"Items\": {\n        \"*\": {\n          \"Id\": \"result.[&1].id\",\n          \"Assembled\": \"result.[&1].fields.LastModifiedOn\",\n          \"*\": \"result.[&1].fields.&\"\n        }\n      },\n      \"@total\": \"totalRecords\",\n      \"TotalResults\": \"totalResults\",\n      \"LastPageNumber\": \"page\",\n      \"ItemsPerPage\": \"pageSize\"\n    }\n  },\n  {\n    \"operation\": \"default\",\n    \"spec\": {\n      \"result\": []\n    }\n }\n]\n",
						"samplePayload": "{\n  \"ItemType\": \"Deployment\",\n  \"TotalResults\": 12,\n  \"ItemsPerPage\": 30,\n  \"NumberOfPages\": 1,\n  \"LastPageNumber\": 0,\n  \"Items\": [\n    {\n      \"Id\": \"Deployments-14\",\n      \"ReleaseId\": \"Releases-5\",\n      \"ChannelId\": \"Channels-3\",\n      \"DeploymentProcessId\": \"deploymentprocess-Projects-2-s-1-HBJ4V\",\n      \"Changes\": [\n        {\n          \"Version\": \"0.0.3\",\n          \"ReleaseNotes\": null,\n          \"BuildInformation\": [],\n          \"WorkItems\": [],\n          \"Commits\": []\n        },\n        {\n          \"Version\": \"0.0.4\",\n          \"ReleaseNotes\": null,\n          \"BuildInformation\": [],\n          \"WorkItems\": [],\n          \"Commits\": []\n        }\n      ],\n      \"ChangesMarkdown\": \"\\r\\n**Release 0.0.3**\\r\\n\\r\\n\\r\\n\\r\\n\\r\\n**Release 0.0.4**\\r\\n\\r\\n\\r\\n\\r\\n\",\n      \"EnvironmentId\": \"Environments-3\",\n      \"TenantId\": null,\n      \"ForcePackageDownload\": false,\n      \"ForcePackageRedeployment\": false,\n      \"SkipActions\": [],\n      \"SpecificMachineIds\": [],\n      \"ExcludedMachineIds\": [],\n      \"ManifestVariableSetId\": \"variableset-Deployments-14\",\n      \"TaskId\": \"ServerTasks-287\",\n      \"ProjectId\": \"Projects-2\",\n      \"UseGuidedFailure\": false,\n      \"Comments\": null,\n      \"FormValues\": {},\n      \"QueueTime\": null,\n      \"QueueTimeExpiry\": null,\n      \"Name\": \"Deploy to Prod-Cluster\",\n      \"Created\": \"2020-08-04T02:38:56.281+00:00\",\n      \"SpaceId\": \"Spaces-1\",\n      \"TentacleRetentionPeriod\": {\n        \"Unit\": \"Days\",\n        \"QuantityToKeep\": 0,\n        \"ShouldKeepForever\": true\n      },\n      \"DeployedBy\": \"sbhaskara@connectall.com\",\n      \"DeployedById\": \"Users-21\",\n      \"FailureEncountered\": false,\n      \"DeployedToMachineIds\": [],\n      \"Links\": {\n        \"Self\": \"/api/Spaces-1/deployments/Deployments-14\",\n        \"Release\": \"/api/Spaces-1/releases/Releases-5\",\n        \"Environment\": \"/api/Spaces-1/environments/Environments-3\",\n        \"Project\": \"/api/Spaces-1/projects/Projects-2\",\n        \"Task\": \"/api/tasks/ServerTasks-287\",\n        \"Web\": \"/app#/Spaces-1/deployments/Deployments-14\",\n        \"Artifacts\": \"/api/Spaces-1/artifacts?regarding=Deployments-14\",\n        \"Interruptions\": \"/api/Spaces-1/interruptions?regarding=Deployments-14\",\n        \"DeploymentProcess\": \"/api/Spaces-1/deploymentprocesses/deploymentprocess-Projects-2-s-1-HBJ4V\",\n        \"Variables\": \"/api/Spaces-1/variables/variableset-Deployments-14\"\n      }\n    },\n    {\n      \"Id\": \"Deployments-13\",\n      \"ReleaseId\": \"Releases-5\",\n      \"ChannelId\": \"Channels-3\",\n      \"DeploymentProcessId\": \"deploymentprocess-Projects-2-s-1-HBJ4V\",\n      \"Changes\": [\n        {\n          \"Version\": \"0.0.2\",\n          \"ReleaseNotes\": null,\n          \"BuildInformation\": [],\n          \"WorkItems\": [],\n          \"Commits\": []\n        },\n        {\n          \"Version\": \"0.0.3\",\n          \"ReleaseNotes\": null,\n          \"BuildInformation\": [],\n          \"WorkItems\": [],\n          \"Commits\": []\n        },\n        {\n          \"Version\": \"0.0.4\",\n          \"ReleaseNotes\": null,\n          \"BuildInformation\": [],\n          \"WorkItems\": [],\n          \"Commits\": []\n        }\n      ],\n      \"ChangesMarkdown\": \"\\r\\n**Release 0.0.2**\\r\\n\\r\\n\\r\\n\\r\\n\\r\\n**Release 0.0.3**\\r\\n\\r\\n\\r\\n\\r\\n\\r\\n**Release 0.0.4**\\r\\n\\r\\n\\r\\n\\r\\n\",\n      \"EnvironmentId\": \"Environments-2\",\n      \"TenantId\": null,\n      \"ForcePackageDownload\": false,\n      \"ForcePackageRedeployment\": false,\n      \"SkipActions\": [],\n      \"SpecificMachineIds\": [],\n      \"ExcludedMachineIds\": [],\n      \"ManifestVariableSetId\": \"variableset-Deployments-13\",\n      \"TaskId\": \"ServerTasks-286\",\n      \"ProjectId\": \"Projects-2\",\n      \"UseGuidedFailure\": false,\n      \"Comments\": null,\n      \"FormValues\": {},\n      \"QueueTime\": null,\n      \"QueueTimeExpiry\": null,\n      \"Name\": \"Deploy to Test-Cluster\",\n      \"Created\": \"2020-08-04T02:38:47.508+00:00\",\n      \"SpaceId\": \"Spaces-1\",\n      \"TentacleRetentionPeriod\": {\n        \"Unit\": \"Days\",\n        \"QuantityToKeep\": 0,\n        \"ShouldKeepForever\": true\n      },\n      \"DeployedBy\": \"sbhaskara@connectall.com\",\n      \"DeployedById\": \"Users-21\",\n      \"FailureEncountered\": false,\n      \"DeployedToMachineIds\": [],\n      \"Links\": {\n        \"Self\": \"/api/Spaces-1/deployments/Deployments-13\",\n        \"Release\": \"/api/Spaces-1/releases/Releases-5\",\n        \"Environment\": \"/api/Spaces-1/environments/Environments-2\",\n        \"Project\": \"/api/Spaces-1/projects/Projects-2\",\n        \"Task\": \"/api/tasks/ServerTasks-286\",\n        \"Web\": \"/app#/Spaces-1/deployments/Deployments-13\",\n        \"Artifacts\": \"/api/Spaces-1/artifacts?regarding=Deployments-13\",\n        \"Interruptions\": \"/api/Spaces-1/interruptions?regarding=Deployments-13\",\n        \"DeploymentProcess\": \"/api/Spaces-1/deploymentprocesses/deploymentprocess-Projects-2-s-1-HBJ4V\",\n        \"Variables\": \"/api/Spaces-1/variables/variableset-Deployments-13\"\n      }\n    },\n    {\n      \"Id\": \"Deployments-12\",\n      \"ReleaseId\": \"Releases-5\",\n      \"ChannelId\": \"Channels-2\",\n      \"DeploymentProcessId\": \"deploymentprocess-Projects-2-s-1-HBJ4V\",\n      \"Changes\": [\n        {\n          \"Version\": \"0.0.4\",\n          \"ReleaseNotes\": \"0.0.4 release for test\",\n          \"BuildInformation\": [],\n          \"WorkItems\": [],\n          \"Commits\": []\n        }\n      ],\n      \"ChangesMarkdown\": \"\\r\\n**Release 0.0.4**\\r\\n\\r\\n0.0.4 release for test\\r\\n\\r\\n\",\n      \"EnvironmentId\": \"Environments-1\",\n      \"TenantId\": null,\n      \"ForcePackageDownload\": false,\n      \"ForcePackageRedeployment\": false,\n      \"SkipActions\": [],\n      \"SpecificMachineIds\": [],\n      \"ExcludedMachineIds\": [],\n      \"ManifestVariableSetId\": \"variableset-Deployments-12\",\n      \"TaskId\": \"ServerTasks-285\",\n      \"ProjectId\": \"Projects-2\",\n      \"UseGuidedFailure\": false,\n      \"Comments\": null,\n      \"FormValues\": {},\n      \"QueueTime\": null,\n      \"QueueTimeExpiry\": null,\n      \"Name\": \"Deploy to Dev-Cluster (#2)\",\n      \"Created\": \"2020-08-04T01:57:20.694+00:00\",\n      \"SpaceId\": \"Spaces-1\",\n      \"TentacleRetentionPeriod\": {\n        \"Unit\": \"Days\",\n        \"QuantityToKeep\": 0,\n        \"ShouldKeepForever\": true\n      },\n      \"DeployedBy\": \"sbhaskara@connectall.com\",\n      \"DeployedById\": \"Users-21\",\n      \"FailureEncountered\": false,\n      \"DeployedToMachineIds\": [],\n      \"Links\": {\n        \"Self\": \"/api/Spaces-1/deployments/Deployments-12\",\n        \"Release\": \"/api/Spaces-1/releases/Releases-5\",\n        \"Environment\": \"/api/Spaces-1/environments/Environments-1\",\n        \"Project\": \"/api/Spaces-1/projects/Projects-2\",\n        \"Task\": \"/api/tasks/ServerTasks-285\",\n        \"Web\": \"/app#/Spaces-1/deployments/Deployments-12\",\n        \"Artifacts\": \"/api/Spaces-1/artifacts?regarding=Deployments-12\",\n        \"Interruptions\": \"/api/Spaces-1/interruptions?regarding=Deployments-12\",\n        \"DeploymentProcess\": \"/api/Spaces-1/deploymentprocesses/deploymentprocess-Projects-2-s-1-HBJ4V\",\n        \"Variables\": \"/api/Spaces-1/variables/variableset-Deployments-12\"\n      }\n    },\n    {\n      \"Id\": \"Deployments-10\",\n      \"ReleaseId\": \"Releases-5\",\n      \"ChannelId\": \"Channels-2\",\n      \"DeploymentProcessId\": \"deploymentprocess-Projects-2-s-1-HBJ4V\",\n      \"Changes\": [\n        {\n          \"Version\": \"0.0.4\",\n          \"ReleaseNotes\": \"0.0.4 release for test\",\n          \"BuildInformation\": [],\n          \"WorkItems\": [],\n          \"Commits\": []\n        }\n      ],\n      \"ChangesMarkdown\": \"\\r\\n**Release 0.0.4**\\r\\n\\r\\n0.0.4 release for test\\r\\n\\r\\n\",\n      \"EnvironmentId\": \"Environments-1\",\n      \"TenantId\": null,\n      \"ForcePackageDownload\": false,\n      \"ForcePackageRedeployment\": false,\n      \"SkipActions\": [],\n      \"SpecificMachineIds\": [],\n      \"ExcludedMachineIds\": [],\n      \"ManifestVariableSetId\": \"variableset-Deployments-10\",\n      \"TaskId\": \"ServerTasks-283\",\n      \"ProjectId\": \"Projects-2\",\n      \"UseGuidedFailure\": false,\n      \"Comments\": null,\n      \"FormValues\": {},\n      \"QueueTime\": null,\n      \"QueueTimeExpiry\": null,\n      \"Name\": \"Deploy to Dev-Cluster\",\n      \"Created\": \"2020-08-04T01:54:57.916+00:00\",\n      \"SpaceId\": \"Spaces-1\",\n      \"TentacleRetentionPeriod\": {\n        \"Unit\": \"Days\",\n        \"QuantityToKeep\": 0,\n        \"ShouldKeepForever\": true\n      },\n      \"DeployedBy\": \"sbhaskara@connectall.com\",\n      \"DeployedById\": \"Users-21\",\n      \"FailureEncountered\": false,\n      \"DeployedToMachineIds\": [],\n      \"Links\": {\n        \"Self\": \"/api/Spaces-1/deployments/Deployments-10\",\n        \"Release\": \"/api/Spaces-1/releases/Releases-5\",\n        \"Environment\": \"/api/Spaces-1/environments/Environments-1\",\n        \"Project\": \"/api/Spaces-1/projects/Projects-2\",\n        \"Task\": \"/api/tasks/ServerTasks-283\",\n        \"Web\": \"/app#/Spaces-1/deployments/Deployments-10\",\n        \"Artifacts\": \"/api/Spaces-1/artifacts?regarding=Deployments-10\",\n        \"Interruptions\": \"/api/Spaces-1/interruptions?regarding=Deployments-10\",\n        \"DeploymentProcess\": \"/api/Spaces-1/deploymentprocesses/deploymentprocess-Projects-2-s-1-HBJ4V\",\n        \"Variables\": \"/api/Spaces-1/variables/variableset-Deployments-10\"\n      }\n    },\n    {\n      \"Id\": \"Deployments-9\",\n      \"ReleaseId\": \"Releases-4\",\n      \"ChannelId\": \"Channels-2\",\n      \"DeploymentProcessId\": \"deploymentprocess-Projects-2-s-1-HBJ4V\",\n      \"Changes\": [\n        {\n          \"Version\": \"0.0.3\",\n          \"ReleaseNotes\": null,\n          \"BuildInformation\": [],\n          \"WorkItems\": [],\n          \"Commits\": []\n        }\n      ],\n      \"ChangesMarkdown\": \"\\r\\n**Release 0.0.3**\\r\\n\\r\\n\\r\\n\\r\\n\",\n      \"EnvironmentId\": \"Environments-1\",\n      \"TenantId\": null,\n      \"ForcePackageDownload\": false,\n      \"ForcePackageRedeployment\": false,\n      \"SkipActions\": [],\n      \"SpecificMachineIds\": [],\n      \"ExcludedMachineIds\": [],\n      \"ManifestVariableSetId\": \"variableset-Deployments-9\",\n      \"TaskId\": \"ServerTasks-211\",\n      \"ProjectId\": \"Projects-2\",\n      \"UseGuidedFailure\": false,\n      \"Comments\": null,\n      \"FormValues\": {},\n      \"QueueTime\": null,\n      \"QueueTimeExpiry\": null,\n      \"Name\": \"Deploy to Dev-Cluster (#2)\",\n      \"Created\": \"2020-08-01T22:20:01.785+00:00\",\n      \"SpaceId\": \"Spaces-1\",\n      \"TentacleRetentionPeriod\": {\n        \"Unit\": \"Days\",\n        \"QuantityToKeep\": 0,\n        \"ShouldKeepForever\": true\n      },\n      \"DeployedBy\": \"sbhaskara@connectall.com\",\n      \"DeployedById\": \"Users-21\",\n      \"FailureEncountered\": false,\n      \"DeployedToMachineIds\": [],\n      \"Links\": {\n        \"Self\": \"/api/Spaces-1/deployments/Deployments-9\",\n        \"Release\": \"/api/Spaces-1/releases/Releases-4\",\n        \"Environment\": \"/api/Spaces-1/environments/Environments-1\",\n        \"Project\": \"/api/Spaces-1/projects/Projects-2\",\n        \"Task\": \"/api/tasks/ServerTasks-211\",\n        \"Web\": \"/app#/Spaces-1/deployments/Deployments-9\",\n        \"Artifacts\": \"/api/Spaces-1/artifacts?regarding=Deployments-9\",\n        \"Interruptions\": \"/api/Spaces-1/interruptions?regarding=Deployments-9\",\n        \"DeploymentProcess\": \"/api/Spaces-1/deploymentprocesses/deploymentprocess-Projects-2-s-1-HBJ4V\",\n        \"Variables\": \"/api/Spaces-1/variables/variableset-Deployments-9\"\n      }\n    },\n    {\n      \"Id\": \"Deployments-8\",\n      \"ReleaseId\": \"Releases-4\",\n      \"ChannelId\": \"Channels-2\",\n      \"DeploymentProcessId\": \"deploymentprocess-Projects-2-s-1-HBJ4V\",\n      \"Changes\": [\n        {\n          \"Version\": \"0.0.3\",\n          \"ReleaseNotes\": null,\n          \"BuildInformation\": [],\n          \"WorkItems\": [],\n          \"Commits\": []\n        }\n      ],\n      \"ChangesMarkdown\": \"\\r\\n**Release 0.0.3**\\r\\n\\r\\n\\r\\n\\r\\n\",\n      \"EnvironmentId\": \"Environments-1\",\n      \"TenantId\": null,\n      \"ForcePackageDownload\": false,\n      \"ForcePackageRedeployment\": false,\n      \"SkipActions\": [],\n      \"SpecificMachineIds\": [],\n      \"ExcludedMachineIds\": [],\n      \"ManifestVariableSetId\": \"variableset-Deployments-8\",\n      \"TaskId\": \"ServerTasks-210\",\n      \"ProjectId\": \"Projects-2\",\n      \"UseGuidedFailure\": false,\n      \"Comments\": null,\n      \"FormValues\": {},\n      \"QueueTime\": null,\n      \"QueueTimeExpiry\": null,\n      \"Name\": \"Deploy to Dev-Cluster\",\n      \"Created\": \"2020-08-01T22:19:46.113+00:00\",\n      \"SpaceId\": \"Spaces-1\",\n      \"TentacleRetentionPeriod\": {\n        \"Unit\": \"Days\",\n        \"QuantityToKeep\": 0,\n        \"ShouldKeepForever\": true\n      },\n      \"DeployedBy\": \"sbhaskara@connectall.com\",\n      \"DeployedById\": \"Users-21\",\n      \"FailureEncountered\": false,\n      \"DeployedToMachineIds\": [],\n      \"Links\": {\n        \"Self\": \"/api/Spaces-1/deployments/Deployments-8\",\n        \"Release\": \"/api/Spaces-1/releases/Releases-4\",\n        \"Environment\": \"/api/Spaces-1/environments/Environments-1\",\n        \"Project\": \"/api/Spaces-1/projects/Projects-2\",\n        \"Task\": \"/api/tasks/ServerTasks-210\",\n        \"Web\": \"/app#/Spaces-1/deployments/Deployments-8\",\n        \"Artifacts\": \"/api/Spaces-1/artifacts?regarding=Deployments-8\",\n        \"Interruptions\": \"/api/Spaces-1/interruptions?regarding=Deployments-8\",\n        \"DeploymentProcess\": \"/api/Spaces-1/deploymentprocesses/deploymentprocess-Projects-2-s-1-HBJ4V\",\n        \"Variables\": \"/api/Spaces-1/variables/variableset-Deployments-8\"\n      }\n    },\n    {\n      \"Id\": \"Deployments-7\",\n      \"ReleaseId\": \"Releases-3\",\n      \"ChannelId\": \"Channels-4\",\n      \"DeploymentProcessId\": \"deploymentprocess-Projects-2-s-1-HBJ4V\",\n      \"Changes\": [\n        {\n          \"Version\": \"0.0.2\",\n          \"ReleaseNotes\": null,\n          \"BuildInformation\": [],\n          \"WorkItems\": [],\n          \"Commits\": []\n        }\n      ],\n      \"ChangesMarkdown\": \"\\r\\n**Release 0.0.2**\\r\\n\\r\\n\\r\\n\\r\\n\",\n      \"EnvironmentId\": \"Environments-3\",\n      \"TenantId\": null,\n      \"ForcePackageDownload\": false,\n      \"ForcePackageRedeployment\": false,\n      \"SkipActions\": [],\n      \"SpecificMachineIds\": [],\n      \"ExcludedMachineIds\": [],\n      \"ManifestVariableSetId\": \"variableset-Deployments-7\",\n      \"TaskId\": \"ServerTasks-209\",\n      \"ProjectId\": \"Projects-2\",\n      \"UseGuidedFailure\": false,\n      \"Comments\": null,\n      \"FormValues\": {},\n      \"QueueTime\": null,\n      \"QueueTimeExpiry\": null,\n      \"Name\": \"Deploy to Prod-Cluster\",\n      \"Created\": \"2020-08-01T22:15:34.723+00:00\",\n      \"SpaceId\": \"Spaces-1\",\n      \"TentacleRetentionPeriod\": {\n        \"Unit\": \"Days\",\n        \"QuantityToKeep\": 3,\n        \"ShouldKeepForever\": false\n      },\n      \"DeployedBy\": \"sbhaskara@connectall.com\",\n      \"DeployedById\": \"Users-21\",\n      \"FailureEncountered\": false,\n      \"DeployedToMachineIds\": [],\n      \"Links\": {\n        \"Self\": \"/api/Spaces-1/deployments/Deployments-7\",\n        \"Release\": \"/api/Spaces-1/releases/Releases-3\",\n        \"Environment\": \"/api/Spaces-1/environments/Environments-3\",\n        \"Project\": \"/api/Spaces-1/projects/Projects-2\",\n        \"Task\": \"/api/tasks/ServerTasks-209\",\n        \"Web\": \"/app#/Spaces-1/deployments/Deployments-7\",\n        \"Artifacts\": \"/api/Spaces-1/artifacts?regarding=Deployments-7\",\n        \"Interruptions\": \"/api/Spaces-1/interruptions?regarding=Deployments-7\",\n        \"DeploymentProcess\": \"/api/Spaces-1/deploymentprocesses/deploymentprocess-Projects-2-s-1-HBJ4V\",\n        \"Variables\": \"/api/Spaces-1/variables/variableset-Deployments-7\"\n      }\n    },\n    {\n      \"Id\": \"Deployments-6\",\n      \"ReleaseId\": \"Releases-3\",\n      \"ChannelId\": \"Channels-4\",\n      \"DeploymentProcessId\": \"deploymentprocess-Projects-2-s-1-HBJ4V\",\n      \"Changes\": [\n        {\n          \"Version\": \"0.0.2\",\n          \"ReleaseNotes\": null,\n          \"BuildInformation\": [],\n          \"WorkItems\": [],\n          \"Commits\": []\n        }\n      ],\n      \"ChangesMarkdown\": \"\\r\\n**Release 0.0.2**\\r\\n\\r\\n\\r\\n\\r\\n\",\n      \"EnvironmentId\": \"Environments-1\",\n      \"TenantId\": null,\n      \"ForcePackageDownload\": false,\n      \"ForcePackageRedeployment\": false,\n      \"SkipActions\": [],\n      \"SpecificMachineIds\": [],\n      \"ExcludedMachineIds\": [],\n      \"ManifestVariableSetId\": null,\n      \"TaskId\": \"ServerTasks-208\",\n      \"ProjectId\": \"Projects-2\",\n      \"UseGuidedFailure\": false,\n      \"Comments\": null,\n      \"FormValues\": {},\n      \"QueueTime\": null,\n      \"QueueTimeExpiry\": null,\n      \"Name\": \"Deploy to Dev-Cluster\",\n      \"Created\": \"2020-08-01T22:15:31.033+00:00\",\n      \"SpaceId\": \"Spaces-1\",\n      \"TentacleRetentionPeriod\": {\n        \"Unit\": \"Days\",\n        \"QuantityToKeep\": 3,\n        \"ShouldKeepForever\": false\n      },\n      \"DeployedBy\": \"sbhaskara@connectall.com\",\n      \"DeployedById\": \"Users-21\",\n      \"FailureEncountered\": false,\n      \"DeployedToMachineIds\": [],\n      \"Links\": {\n        \"Self\": \"/api/Spaces-1/deployments/Deployments-6\",\n        \"Release\": \"/api/Spaces-1/releases/Releases-3\",\n        \"Environment\": \"/api/Spaces-1/environments/Environments-1\",\n        \"Project\": \"/api/Spaces-1/projects/Projects-2\",\n        \"Task\": \"/api/tasks/ServerTasks-208\",\n        \"Web\": \"/app#/Spaces-1/deployments/Deployments-6\",\n        \"Artifacts\": \"/api/Spaces-1/artifacts?regarding=Deployments-6\",\n        \"Interruptions\": \"/api/Spaces-1/interruptions?regarding=Deployments-6\",\n        \"DeploymentProcess\": \"/api/Spaces-1/deploymentprocesses/deploymentprocess-Projects-2-s-1-HBJ4V\"\n      }\n    },\n    {\n      \"Id\": \"Deployments-5\",\n      \"ReleaseId\": \"Releases-2\",\n      \"ChannelId\": \"Channels-2\",\n      \"DeploymentProcessId\": \"deploymentprocess-Projects-2-s-1-HBJ4V\",\n      \"Changes\": [\n        {\n          \"Version\": \"0.0.1\",\n          \"ReleaseNotes\": null,\n          \"BuildInformation\": [],\n          \"WorkItems\": [],\n          \"Commits\": []\n        }\n      ],\n      \"ChangesMarkdown\": \"\\r\\n**Release 0.0.1**\\r\\n\\r\\n\\r\\n\\r\\n\",\n      \"EnvironmentId\": \"Environments-3\",\n      \"TenantId\": null,\n      \"ForcePackageDownload\": false,\n      \"ForcePackageRedeployment\": false,\n      \"SkipActions\": [],\n      \"SpecificMachineIds\": [],\n      \"ExcludedMachineIds\": [],\n      \"ManifestVariableSetId\": \"variableset-Deployments-5\",\n      \"TaskId\": \"ServerTasks-207\",\n      \"ProjectId\": \"Projects-2\",\n      \"UseGuidedFailure\": false,\n      \"Comments\": null,\n      \"FormValues\": {},\n      \"QueueTime\": null,\n      \"QueueTimeExpiry\": null,\n      \"Name\": \"Deploy to Prod-Cluster (#2)\",\n      \"Created\": \"2020-08-01T22:15:02.831+00:00\",\n      \"SpaceId\": \"Spaces-1\",\n      \"TentacleRetentionPeriod\": {\n        \"Unit\": \"Days\",\n        \"QuantityToKeep\": 0,\n        \"ShouldKeepForever\": true\n      },\n      \"DeployedBy\": \"sbhaskara@connectall.com\",\n      \"DeployedById\": \"Users-21\",\n      \"FailureEncountered\": false,\n      \"DeployedToMachineIds\": [],\n      \"Links\": {\n        \"Self\": \"/api/Spaces-1/deployments/Deployments-5\",\n        \"Release\": \"/api/Spaces-1/releases/Releases-2\",\n        \"Environment\": \"/api/Spaces-1/environments/Environments-3\",\n        \"Project\": \"/api/Spaces-1/projects/Projects-2\",\n        \"Task\": \"/api/tasks/ServerTasks-207\",\n        \"Web\": \"/app#/Spaces-1/deployments/Deployments-5\",\n        \"Artifacts\": \"/api/Spaces-1/artifacts?regarding=Deployments-5\",\n        \"Interruptions\": \"/api/Spaces-1/interruptions?regarding=Deployments-5\",\n        \"DeploymentProcess\": \"/api/Spaces-1/deploymentprocesses/deploymentprocess-Projects-2-s-1-HBJ4V\",\n        \"Variables\": \"/api/Spaces-1/variables/variableset-Deployments-5\"\n      }\n    },\n    {\n      \"Id\": \"Deployments-4\",\n      \"ReleaseId\": \"Releases-2\",\n      \"ChannelId\": \"Channels-2\",\n      \"DeploymentProcessId\": \"deploymentprocess-Projects-2-s-1-HBJ4V\",\n      \"Changes\": [\n        {\n          \"Version\": \"0.0.1\",\n          \"ReleaseNotes\": null,\n          \"BuildInformation\": [],\n          \"WorkItems\": [],\n          \"Commits\": []\n        }\n      ],\n      \"ChangesMarkdown\": \"\\r\\n**Release 0.0.1**\\r\\n\\r\\n\\r\\n\\r\\n\",\n      \"EnvironmentId\": \"Environments-3\",\n      \"TenantId\": null,\n      \"ForcePackageDownload\": false,\n      \"ForcePackageRedeployment\": false,\n      \"SkipActions\": [],\n      \"SpecificMachineIds\": [],\n      \"ExcludedMachineIds\": [],\n      \"ManifestVariableSetId\": null,\n      \"TaskId\": \"ServerTasks-206\",\n      \"ProjectId\": \"Projects-2\",\n      \"UseGuidedFailure\": false,\n      \"Comments\": null,\n      \"FormValues\": {},\n      \"QueueTime\": null,\n      \"QueueTimeExpiry\": null,\n      \"Name\": \"Deploy to Prod-Cluster\",\n      \"Created\": \"2020-08-01T22:14:06.068+00:00\",\n      \"SpaceId\": \"Spaces-1\",\n      \"TentacleRetentionPeriod\": {\n        \"Unit\": \"Days\",\n        \"QuantityToKeep\": 0,\n        \"ShouldKeepForever\": true\n      },\n      \"DeployedBy\": \"sbhaskara@connectall.com\",\n      \"DeployedById\": \"Users-21\",\n      \"FailureEncountered\": false,\n      \"DeployedToMachineIds\": [],\n      \"Links\": {\n        \"Self\": \"/api/Spaces-1/deployments/Deployments-4\",\n        \"Release\": \"/api/Spaces-1/releases/Releases-2\",\n        \"Environment\": \"/api/Spaces-1/environments/Environments-3\",\n        \"Project\": \"/api/Spaces-1/projects/Projects-2\",\n        \"Task\": \"/api/tasks/ServerTasks-206\",\n        \"Web\": \"/app#/Spaces-1/deployments/Deployments-4\",\n        \"Artifacts\": \"/api/Spaces-1/artifacts?regarding=Deployments-4\",\n        \"Interruptions\": \"/api/Spaces-1/interruptions?regarding=Deployments-4\",\n        \"DeploymentProcess\": \"/api/Spaces-1/deploymentprocesses/deploymentprocess-Projects-2-s-1-HBJ4V\"\n      }\n    },\n    {\n      \"Id\": \"Deployments-3\",\n      \"ReleaseId\": \"Releases-2\",\n      \"ChannelId\": \"Channels-2\",\n      \"DeploymentProcessId\": \"deploymentprocess-Projects-2-s-1-HBJ4V\",\n      \"Changes\": [\n        {\n          \"Version\": \"0.0.1\",\n          \"ReleaseNotes\": null,\n          \"BuildInformation\": [],\n          \"WorkItems\": [],\n          \"Commits\": []\n        }\n      ],\n      \"ChangesMarkdown\": \"\\r\\n**Release 0.0.1**\\r\\n\\r\\n\\r\\n\\r\\n\",\n      \"EnvironmentId\": \"Environments-2\",\n      \"TenantId\": null,\n      \"ForcePackageDownload\": false,\n      \"ForcePackageRedeployment\": false,\n      \"SkipActions\": [],\n      \"SpecificMachineIds\": [],\n      \"ExcludedMachineIds\": [],\n      \"ManifestVariableSetId\": \"variableset-Deployments-3\",\n      \"TaskId\": \"ServerTasks-205\",\n      \"ProjectId\": \"Projects-2\",\n      \"UseGuidedFailure\": false,\n      \"Comments\": null,\n      \"FormValues\": {},\n      \"QueueTime\": null,\n      \"QueueTimeExpiry\": null,\n      \"Name\": \"Deploy to Test-Cluster\",\n      \"Created\": \"2020-08-01T22:14:01.346+00:00\",\n      \"SpaceId\": \"Spaces-1\",\n      \"TentacleRetentionPeriod\": {\n        \"Unit\": \"Days\",\n        \"QuantityToKeep\": 0,\n        \"ShouldKeepForever\": true\n      },\n      \"DeployedBy\": \"sbhaskara@connectall.com\",\n      \"DeployedById\": \"Users-21\",\n      \"FailureEncountered\": false,\n      \"DeployedToMachineIds\": [],\n      \"Links\": {\n        \"Self\": \"/api/Spaces-1/deployments/Deployments-3\",\n        \"Release\": \"/api/Spaces-1/releases/Releases-2\",\n        \"Environment\": \"/api/Spaces-1/environments/Environments-2\",\n        \"Project\": \"/api/Spaces-1/projects/Projects-2\",\n        \"Task\": \"/api/tasks/ServerTasks-205\",\n        \"Web\": \"/app#/Spaces-1/deployments/Deployments-3\",\n        \"Artifacts\": \"/api/Spaces-1/artifacts?regarding=Deployments-3\",\n        \"Interruptions\": \"/api/Spaces-1/interruptions?regarding=Deployments-3\",\n        \"DeploymentProcess\": \"/api/Spaces-1/deploymentprocesses/deploymentprocess-Projects-2-s-1-HBJ4V\",\n        \"Variables\": \"/api/Spaces-1/variables/variableset-Deployments-3\"\n      }\n    },\n    {\n      \"Id\": \"Deployments-2\",\n      \"ReleaseId\": \"Releases-2\",\n      \"ChannelId\": \"Channels-2\",\n      \"DeploymentProcessId\": \"deploymentprocess-Projects-2-s-1-HBJ4V\",\n      \"Changes\": [\n        {\n          \"Version\": \"0.0.1\",\n          \"ReleaseNotes\": null,\n          \"BuildInformation\": [],\n          \"WorkItems\": [],\n          \"Commits\": []\n        }\n      ],\n      \"ChangesMarkdown\": \"\\r\\n**Release 0.0.1**\\r\\n\\r\\n\\r\\n\\r\\n\",\n      \"EnvironmentId\": \"Environments-1\",\n      \"TenantId\": null,\n      \"ForcePackageDownload\": false,\n      \"ForcePackageRedeployment\": false,\n      \"SkipActions\": [],\n      \"SpecificMachineIds\": [],\n      \"ExcludedMachineIds\": [],\n      \"ManifestVariableSetId\": null,\n      \"TaskId\": \"ServerTasks-204\",\n      \"ProjectId\": \"Projects-2\",\n      \"UseGuidedFailure\": false,\n      \"Comments\": null,\n      \"FormValues\": {},\n      \"QueueTime\": null,\n      \"QueueTimeExpiry\": null,\n      \"Name\": \"Deploy to Dev-Cluster\",\n      \"Created\": \"2020-08-01T22:13:52.120+00:00\",\n      \"SpaceId\": \"Spaces-1\",\n      \"TentacleRetentionPeriod\": {\n        \"Unit\": \"Days\",\n        \"QuantityToKeep\": 0,\n        \"ShouldKeepForever\": true\n      },\n      \"DeployedBy\": \"sbhaskara@connectall.com\",\n      \"DeployedById\": \"Users-21\",\n      \"FailureEncountered\": false,\n      \"DeployedToMachineIds\": [],\n      \"Links\": {\n        \"Self\": \"/api/Spaces-1/deployments/Deployments-2\",\n        \"Release\": \"/api/Spaces-1/releases/Releases-2\",\n        \"Environment\": \"/api/Spaces-1/environments/Environments-1\",\n        \"Project\": \"/api/Spaces-1/projects/Projects-2\",\n        \"Task\": \"/api/tasks/ServerTasks-204\",\n        \"Web\": \"/app#/Spaces-1/deployments/Deployments-2\",\n        \"Artifacts\": \"/api/Spaces-1/artifacts?regarding=Deployments-2\",\n        \"Interruptions\": \"/api/Spaces-1/interruptions?regarding=Deployments-2\",\n        \"DeploymentProcess\": \"/api/Spaces-1/deploymentprocesses/deploymentprocess-Projects-2-s-1-HBJ4V\"\n      }\n    }\n  ],\n  \"Links\": {\n    \"Self\": \"/api/Spaces-1/deployments\",\n    \"Template\": \"/api/Spaces-1/deployments{?skip,take,ids,projects,environments,tenants,channels,taskState,partialName}\",\n    \"Page.All\": \"/api/Spaces-1/deployments?skip=0&take=2147483647\",\n    \"Page.Current\": \"/api/Spaces-1/deployments?skip=0&take=30\",\n    \"Page.Last\": \"/api/Spaces-1/deployments?skip=0&take=30\"\n  }\n}",
						"contentAvailable": true,
						"statusCode": 2
					},
					"Request": {
						"specId": 114,
						"type": "Request",
						"adapterType": null,
						"specType": null,
						"status": "Active",
						"specification": null,
						"samplePayload": null,
						"contentAvailable": false,
						"statusCode": 2
					}
				}
			},
			"UPDATE_RECORD": {
				"templateId": 58,
				"operation": "UPDATE_RECORD",
				"httpVerb": "PUT",
				"restUrl": "/api/deployments/${recordId}",
				"specifications": {
					"Response": {
						"specId": 115,
						"type": "Response",
						"adapterType": null,
						"specType": "JOLT",
						"status": "Active",
						"specification": "[\n  {\n    \"operation\": \"shift\",\n    \"spec\": {\n      \"Id\": \"id\",\n      \"Created\":\"fields.LastModifiedOn\",\n      \"*\": \"fields.&\"\n    }\n  }\n]\n",
						"samplePayload": "{\n  \"Id\": \"Deployments-15\",\n  \"ReleaseId\": \"Releases-5\",\n  \"ChannelId\": \"Channels-3\",\n  \"DeploymentProcessId\": \"deploymentprocess-Projects-2-s-1-HBJ4V\",\n  \"Changes\": [\n    {\n      \"Version\": \"0.0.4\",\n      \"ReleaseNotes\": null,\n      \"BuildInformation\": [],\n      \"WorkItems\": [],\n      \"Commits\": []\n    }\n  ],\n  \"ChangesMarkdown\": \"\\r\\n**Release 0.0.4**\\r\\n\\r\\n\\r\\n\\r\\n\",\n  \"EnvironmentId\": \"Environments-1\",\n  \"TenantId\": null,\n  \"ForcePackageDownload\": false,\n  \"ForcePackageRedeployment\": false,\n  \"SkipActions\": [],\n  \"SpecificMachineIds\": [],\n  \"ExcludedMachineIds\": [],\n  \"ManifestVariableSetId\": \"variableset-Deployments-15\",\n  \"TaskId\": \"ServerTasks-289\",\n  \"ProjectId\": \"Projects-2\",\n  \"UseGuidedFailure\": false,\n  \"Comments\": null,\n  \"FormValues\": {},\n  \"QueueTime\": null,\n  \"QueueTimeExpiry\": null,\n  \"Name\": \"Deploy to Dev-Cluster (#3)\",\n  \"Created\": \"2020-08-04T03:17:12.025+00:00\",\n  \"SpaceId\": \"Spaces-1\",\n  \"TentacleRetentionPeriod\": {\n    \"Unit\": \"Days\",\n    \"QuantityToKeep\": 0,\n    \"ShouldKeepForever\": true\n  },\n  \"DeployedBy\": \"sbhaskara@connectall.com\",\n  \"DeployedById\": \"Users-21\",\n  \"FailureEncountered\": false,\n  \"DeployedToMachineIds\": [],\n  \"LastModifiedOn\": \"2020-08-04T03:17:12.171+00:00\",\n  \"LastModifiedBy\": \"sbhaskara@connectall.com\",\n  \"Links\": {\n    \"Self\": \"/api/Spaces-1/deployments/Deployments-15\",\n    \"Release\": \"/api/Spaces-1/releases/Releases-5\",\n    \"Environment\": \"/api/Spaces-1/environments/Environments-1\",\n    \"Project\": \"/api/Spaces-1/projects/Projects-2\",\n    \"Task\": \"/api/tasks/ServerTasks-289\",\n    \"Web\": \"/app#/Spaces-1/deployments/Deployments-15\",\n    \"Artifacts\": \"/api/Spaces-1/artifacts?regarding=Deployments-15\",\n    \"Interruptions\": \"/api/Spaces-1/interruptions?regarding=Deployments-15\",\n    \"DeploymentProcess\": \"/api/Spaces-1/deploymentprocesses/deploymentprocess-Projects-2-s-1-HBJ4V\",\n    \"Variables\": \"/api/Spaces-1/variables/variableset-Deployments-15\"\n  }\n}",
						"contentAvailable": true,
						"statusCode": 2
					},
					"Request": {
						"specId": 116,
						"type": "Request",
						"adapterType": null,
						"specType": null,
						"status": "Active",
						"specification": null,
						"samplePayload": null,
						"contentAvailable": false,
						"statusCode": 2
					}
				}
			},
			"QUERY_RECORD_BY_ID": {
				"templateId": 60,
				"operation": "QUERY_RECORD_BY_ID",
				"httpVerb": "GET",
				"restUrl": "/api/deployments/${recordId}",
				"specifications": {
					"Response": {
						"specId": 119,
						"type": "Response",
						"adapterType": null,
						"specType": "JOLT",
						"status": "Active",
						"specification": "[\n  {\n    \"operation\": \"shift\",\n    \"spec\": {\n      \"Id\": \"id\",\n      \"Created\":\"fields.LastModifiedOn\",\n      \"*\": \"fields.&\"\n    }\n  }\n]\n",
						"samplePayload": "{\n  \"Id\": \"Deployments-14\",\n  \"ReleaseId\": \"Releases-5\",\n  \"ChannelId\": \"Channels-3\",\n  \"DeploymentProcessId\": \"deploymentprocess-Projects-2-s-1-HBJ4V\",\n  \"Changes\": [\n    {\n      \"Version\": \"0.0.3\",\n      \"ReleaseNotes\": null,\n      \"BuildInformation\": [],\n      \"WorkItems\": [],\n      \"Commits\": []\n    },\n    {\n      \"Version\": \"0.0.4\",\n      \"ReleaseNotes\": null,\n      \"BuildInformation\": [],\n      \"WorkItems\": [],\n      \"Commits\": []\n    }\n  ],\n  \"ChangesMarkdown\": \"\\r\\n**Release 0.0.3**\\r\\n\\r\\n\\r\\n\\r\\n\\r\\n**Release 0.0.4**\\r\\n\\r\\n\\r\\n\\r\\n\",\n  \"EnvironmentId\": \"Environments-3\",\n  \"TenantId\": null,\n  \"ForcePackageDownload\": false,\n  \"ForcePackageRedeployment\": false,\n  \"SkipActions\": [],\n  \"SpecificMachineIds\": [],\n  \"ExcludedMachineIds\": [],\n  \"ManifestVariableSetId\": \"variableset-Deployments-14\",\n  \"TaskId\": \"ServerTasks-287\",\n  \"ProjectId\": \"Projects-2\",\n  \"UseGuidedFailure\": false,\n  \"Comments\": null,\n  \"FormValues\": {},\n  \"QueueTime\": null,\n  \"QueueTimeExpiry\": null,\n  \"Name\": \"Deploy to Prod-Cluster\",\n  \"Created\": \"2020-08-04T02:38:56.281+00:00\",\n  \"SpaceId\": \"Spaces-1\",\n  \"TentacleRetentionPeriod\": {\n    \"Unit\": \"Days\",\n    \"QuantityToKeep\": 0,\n    \"ShouldKeepForever\": true\n  },\n  \"DeployedBy\": \"sbhaskara@connectall.com\",\n  \"DeployedById\": \"Users-21\",\n  \"FailureEncountered\": false,\n  \"DeployedToMachineIds\": [],\n  \"Links\": {\n    \"Self\": \"/api/Spaces-1/deployments/Deployments-14\",\n    \"Release\": \"/api/Spaces-1/releases/Releases-5\",\n    \"Environment\": \"/api/Spaces-1/environments/Environments-3\",\n    \"Project\": \"/api/Spaces-1/projects/Projects-2\",\n    \"Task\": \"/api/tasks/ServerTasks-287\",\n    \"Web\": \"/app#/Spaces-1/deployments/Deployments-14\",\n    \"Artifacts\": \"/api/Spaces-1/artifacts?regarding=Deployments-14\",\n    \"Interruptions\": \"/api/Spaces-1/interruptions?regarding=Deployments-14\",\n    \"DeploymentProcess\": \"/api/Spaces-1/deploymentprocesses/deploymentprocess-Projects-2-s-1-HBJ4V\",\n    \"Variables\": \"/api/Spaces-1/variables/variableset-Deployments-14\"\n  }\n}",
						"contentAvailable": true,
						"statusCode": 2
					},
					"Request": {
						"specId": 120,
						"type": "Request",
						"adapterType": null,
						"specType": null,
						"status": "Active",
						"specification": null,
						"samplePayload": null,
						"contentAvailable": false,
						"statusCode": 2
					}
				}
			}
		},
		"default": false
	},
	{
		"schemeId": 17,
		"schemeName": "Releases",
		"adapterType": "octopus",
		"group": null,
		"active": true,
		"adapterMetadataList": [
			{
				"metadataId": 46,
				"metadataKey": "artifact",
				"metadataValue": "releases"
			}
		],
		"requestHeaders": [],
		"restTemplates": {
			"CREATE_RECORD": {
				"templateId": 63,
				"operation": "CREATE_RECORD",
				"httpVerb": "POST",
				"restUrl": "/api/releases",
				"specifications": {
					"Response": {
						"specId": 125,
						"type": "Response",
						"adapterType": null,
						"specType": "JOLT",
						"status": "Active",
						"specification": "[\n  {\n    \"operation\": \"shift\",\n    \"spec\": {\n      \"Id\": \"id\",\n      \"Assembled\": \"fields.LastModifiedOn\",\n      \"*\": \"fields.&\"\n    }\n  }\n]\n",
						"samplePayload": "{\n  \"Id\": \"Releases-5\",\n  \"Version\": \"0.0.4\",\n  \"ChannelId\": \"Channels-2\",\n  \"ReleaseNotes\": \"0.0.4 release for test\",\n  \"ProjectDeploymentProcessSnapshotId\": \"deploymentprocess-Projects-2-s-1-HBJ4V\",\n  \"IgnoreChannelRules\": false,\n  \"BuildInformation\": [],\n  \"Assembled\": \"2020-08-04T01:50:22.148+00:00\",\n  \"ProjectId\": \"Projects-2\",\n  \"LibraryVariableSetSnapshotIds\": [],\n  \"SelectedPackages\": [],\n  \"ProjectVariableSetSnapshotId\": \"variableset-Projects-2-s-0-95B3D\",\n  \"SpaceId\": \"Spaces-1\",\n  \"LastModifiedOn\": \"2020-08-04T01:50:22.463+00:00\",\n  \"LastModifiedBy\": \"sbhaskara@connectall.com\",\n  \"Links\": {\n    \"Self\": \"/api/Spaces-1/releases/Releases-5\",\n    \"Project\": \"/api/Spaces-1/projects/Projects-2\",\n    \"Progression\": \"/api/Spaces-1/releases/Releases-5/progression\",\n    \"Deployments\": \"/api/Spaces-1/releases/Releases-5/deployments{?skip,take}\",\n    \"DeploymentTemplate\": \"/api/Spaces-1/releases/Releases-5/deployments/template\",\n    \"Artifacts\": \"/api/Spaces-1/artifacts?regarding=Releases-5\",\n    \"ProjectVariableSnapshot\": \"/api/Spaces-1/variables/variableset-Projects-2-s-0-95B3D\",\n    \"ProjectDeploymentProcessSnapshot\": \"/api/Spaces-1/deploymentprocesses/deploymentprocess-Projects-2-s-1-HBJ4V\",\n    \"Web\": \"/app#/Spaces-1/releases/Releases-5\",\n    \"SnapshotVariables\": \"/api/Spaces-1/releases/Releases-5/snapshot-variables\",\n    \"Defects\": \"/api/Spaces-1/releases/Releases-5/defects\",\n    \"ReportDefect\": \"/api/Spaces-1/releases/Releases-5/defects\",\n    \"ResolveDefect\": \"/api/Spaces-1/releases/Releases-5/defects/resolve\",\n    \"DeploymentPreviews\": \"/api/Spaces-1/releases/Releases-5/deployments/previews/\"\n  }\n}",
						"contentAvailable": true,
						"statusCode": 2
					},
					"Request": {
						"specId": 126,
						"type": "Request",
						"adapterType": null,
						"specType": "JOLT",
						"status": "Active",
						"specification": "[\n  {\n    \"operation\": \"shift\",\n    \"spec\": {\n      \"fields\": {\n        \"Version\": \"Version\",\n        \"ProjectId\": \"ProjectId\",\n        \"ChannelId\": \"ChannelId\",\n        \"ReleaseNotes\": \"ReleaseNotes\"\n      }\n    }\n  }\n]\n",
						"samplePayload": "{\n  \"fields\": {\n    \"Version\": \"0.0.4\",\n    \"ProjectId\": \"Projects-2\",\n    \"ChannelId\": \"Channels-2\",\n    \"ReleaseNotes\": \"0.0.4 release for test\",\n    \"IgnoreChannelRules\": true\n  }\n}",
						"contentAvailable": true,
						"statusCode": 2
					}
				}
			},
			"QUERY_MODIFIED_RECORDS": {
				"templateId": 61,
				"operation": "QUERY_MODIFIED_RECORDS",
				"httpVerb": "GET",
				"restUrl": "/api/releases",
				"specifications": {
					"Response": {
						"specId": 121,
						"type": "Response",
						"adapterType": null,
						"specType": "JOLT",
						"status": "Active",
						"specification": "[\n  {\n    \"operation\": \"modify-overwrite-beta\",\n    \"spec\": {\n      \"data\": {\n        \"total\": \"=size(@(1,Items))\"\n      }\n    }\n  },\n  {\n    \"operation\": \"shift\",\n    \"spec\": {\n      \"Items\": {\n        \"*\": {\n          \"Id\": \"result.[&1].id\",\n          \"Assembled\": \"result.[&1].fields.LastModifiedOn\",\n          \"*\": \"result.[&1].fields.&\"\n        }\n      },\n      \"@total\": \"totalRecords\",\n      \"TotalResults\": \"totalResults\",\n      \"LastPageNumber\": \"page\",\n      \"ItemsPerPage\": \"pageSize\"\n    }\n  },\n  {\n    \"operation\": \"default\",\n    \"spec\": {\n      \"result\": []\n    }\n }\n]\n",
						"samplePayload": "{\n  \"ItemType\": \"Release\",\n  \"TotalResults\": 5,\n  \"ItemsPerPage\": 30,\n  \"NumberOfPages\": 1,\n  \"LastPageNumber\": 0,\n  \"Items\": [\n    {\n      \"Id\": \"Releases-5\",\n      \"Version\": \"0.0.4\",\n      \"ChannelId\": \"Channels-3\",\n      \"ReleaseNotes\": null,\n      \"ProjectDeploymentProcessSnapshotId\": \"deploymentprocess-Projects-2-s-1-HBJ4V\",\n      \"IgnoreChannelRules\": false,\n      \"BuildInformation\": [],\n      \"Assembled\": \"2020-08-04T01:50:22.148+00:00\",\n      \"ProjectId\": \"Projects-2\",\n      \"LibraryVariableSetSnapshotIds\": [],\n      \"SelectedPackages\": [],\n      \"ProjectVariableSetSnapshotId\": \"variableset-Projects-2-s-0-95B3D\",\n      \"SpaceId\": \"Spaces-1\",\n      \"Links\": {\n        \"Self\": \"/api/Spaces-1/releases/Releases-5\",\n        \"Project\": \"/api/Spaces-1/projects/Projects-2\",\n        \"Progression\": \"/api/Spaces-1/releases/Releases-5/progression\",\n        \"Deployments\": \"/api/Spaces-1/releases/Releases-5/deployments{?skip,take}\",\n        \"DeploymentTemplate\": \"/api/Spaces-1/releases/Releases-5/deployments/template\",\n        \"Artifacts\": \"/api/Spaces-1/artifacts?regarding=Releases-5\",\n        \"ProjectVariableSnapshot\": \"/api/Spaces-1/variables/variableset-Projects-2-s-0-95B3D\",\n        \"ProjectDeploymentProcessSnapshot\": \"/api/Spaces-1/deploymentprocesses/deploymentprocess-Projects-2-s-1-HBJ4V\",\n        \"Web\": \"/app#/Spaces-1/releases/Releases-5\",\n        \"SnapshotVariables\": \"/api/Spaces-1/releases/Releases-5/snapshot-variables\",\n        \"Defects\": \"/api/Spaces-1/releases/Releases-5/defects\",\n        \"ReportDefect\": \"/api/Spaces-1/releases/Releases-5/defects\",\n        \"ResolveDefect\": \"/api/Spaces-1/releases/Releases-5/defects/resolve\",\n        \"DeploymentPreviews\": \"/api/Spaces-1/releases/Releases-5/deployments/previews/\"\n      }\n    },\n    {\n      \"Id\": \"Releases-4\",\n      \"Version\": \"0.0.3\",\n      \"ChannelId\": \"Channels-2\",\n      \"ReleaseNotes\": null,\n      \"ProjectDeploymentProcessSnapshotId\": \"deploymentprocess-Projects-2-s-1-HBJ4V\",\n      \"IgnoreChannelRules\": false,\n      \"BuildInformation\": [],\n      \"Assembled\": \"2020-08-01T22:19:28.418+00:00\",\n      \"ProjectId\": \"Projects-2\",\n      \"LibraryVariableSetSnapshotIds\": [],\n      \"SelectedPackages\": [],\n      \"ProjectVariableSetSnapshotId\": \"variableset-Projects-2-s-0-95B3D\",\n      \"SpaceId\": \"Spaces-1\",\n      \"Links\": {\n        \"Self\": \"/api/Spaces-1/releases/Releases-4\",\n        \"Project\": \"/api/Spaces-1/projects/Projects-2\",\n        \"Progression\": \"/api/Spaces-1/releases/Releases-4/progression\",\n        \"Deployments\": \"/api/Spaces-1/releases/Releases-4/deployments{?skip,take}\",\n        \"DeploymentTemplate\": \"/api/Spaces-1/releases/Releases-4/deployments/template\",\n        \"Artifacts\": \"/api/Spaces-1/artifacts?regarding=Releases-4\",\n        \"ProjectVariableSnapshot\": \"/api/Spaces-1/variables/variableset-Projects-2-s-0-95B3D\",\n        \"ProjectDeploymentProcessSnapshot\": \"/api/Spaces-1/deploymentprocesses/deploymentprocess-Projects-2-s-1-HBJ4V\",\n        \"Web\": \"/app#/Spaces-1/releases/Releases-4\",\n        \"SnapshotVariables\": \"/api/Spaces-1/releases/Releases-4/snapshot-variables\",\n        \"Defects\": \"/api/Spaces-1/releases/Releases-4/defects\",\n        \"ReportDefect\": \"/api/Spaces-1/releases/Releases-4/defects\",\n        \"ResolveDefect\": \"/api/Spaces-1/releases/Releases-4/defects/resolve\",\n        \"DeploymentPreviews\": \"/api/Spaces-1/releases/Releases-4/deployments/previews/\"\n      }\n    },\n    {\n      \"Id\": \"Releases-3\",\n      \"Version\": \"0.0.2\",\n      \"ChannelId\": \"Channels-4\",\n      \"ReleaseNotes\": null,\n      \"ProjectDeploymentProcessSnapshotId\": \"deploymentprocess-Projects-2-s-1-HBJ4V\",\n      \"IgnoreChannelRules\": false,\n      \"BuildInformation\": [],\n      \"Assembled\": \"2020-08-01T22:07:34.424+00:00\",\n      \"ProjectId\": \"Projects-2\",\n      \"LibraryVariableSetSnapshotIds\": [],\n      \"SelectedPackages\": [],\n      \"ProjectVariableSetSnapshotId\": \"variableset-Projects-2-s-0-95B3D\",\n      \"SpaceId\": \"Spaces-1\",\n      \"Links\": {\n        \"Self\": \"/api/Spaces-1/releases/Releases-3\",\n        \"Project\": \"/api/Spaces-1/projects/Projects-2\",\n        \"Progression\": \"/api/Spaces-1/releases/Releases-3/progression\",\n        \"Deployments\": \"/api/Spaces-1/releases/Releases-3/deployments{?skip,take}\",\n        \"DeploymentTemplate\": \"/api/Spaces-1/releases/Releases-3/deployments/template\",\n        \"Artifacts\": \"/api/Spaces-1/artifacts?regarding=Releases-3\",\n        \"ProjectVariableSnapshot\": \"/api/Spaces-1/variables/variableset-Projects-2-s-0-95B3D\",\n        \"ProjectDeploymentProcessSnapshot\": \"/api/Spaces-1/deploymentprocesses/deploymentprocess-Projects-2-s-1-HBJ4V\",\n        \"Web\": \"/app#/Spaces-1/releases/Releases-3\",\n        \"SnapshotVariables\": \"/api/Spaces-1/releases/Releases-3/snapshot-variables\",\n        \"Defects\": \"/api/Spaces-1/releases/Releases-3/defects\",\n        \"ReportDefect\": \"/api/Spaces-1/releases/Releases-3/defects\",\n        \"ResolveDefect\": \"/api/Spaces-1/releases/Releases-3/defects/resolve\",\n        \"DeploymentPreviews\": \"/api/Spaces-1/releases/Releases-3/deployments/previews/\"\n      }\n    },\n    {\n      \"Id\": \"Releases-2\",\n      \"Version\": \"0.0.1\",\n      \"ChannelId\": \"Channels-2\",\n      \"ReleaseNotes\": null,\n      \"ProjectDeploymentProcessSnapshotId\": \"deploymentprocess-Projects-2-s-1-HBJ4V\",\n      \"IgnoreChannelRules\": false,\n      \"BuildInformation\": [],\n      \"Assembled\": \"2020-08-01T20:56:34.726+00:00\",\n      \"ProjectId\": \"Projects-2\",\n      \"LibraryVariableSetSnapshotIds\": [],\n      \"SelectedPackages\": [],\n      \"ProjectVariableSetSnapshotId\": \"variableset-Projects-2-s-0-95B3D\",\n      \"SpaceId\": \"Spaces-1\",\n      \"Links\": {\n        \"Self\": \"/api/Spaces-1/releases/Releases-2\",\n        \"Project\": \"/api/Spaces-1/projects/Projects-2\",\n        \"Progression\": \"/api/Spaces-1/releases/Releases-2/progression\",\n        \"Deployments\": \"/api/Spaces-1/releases/Releases-2/deployments{?skip,take}\",\n        \"DeploymentTemplate\": \"/api/Spaces-1/releases/Releases-2/deployments/template\",\n        \"Artifacts\": \"/api/Spaces-1/artifacts?regarding=Releases-2\",\n        \"ProjectVariableSnapshot\": \"/api/Spaces-1/variables/variableset-Projects-2-s-0-95B3D\",\n        \"ProjectDeploymentProcessSnapshot\": \"/api/Spaces-1/deploymentprocesses/deploymentprocess-Projects-2-s-1-HBJ4V\",\n        \"Web\": \"/app#/Spaces-1/releases/Releases-2\",\n        \"SnapshotVariables\": \"/api/Spaces-1/releases/Releases-2/snapshot-variables\",\n        \"Defects\": \"/api/Spaces-1/releases/Releases-2/defects\",\n        \"ReportDefect\": \"/api/Spaces-1/releases/Releases-2/defects\",\n        \"ResolveDefect\": \"/api/Spaces-1/releases/Releases-2/defects/resolve\",\n        \"DeploymentPreviews\": \"/api/Spaces-1/releases/Releases-2/deployments/previews/\"\n      }\n    },\n    {\n      \"Id\": \"Releases-1\",\n      \"Version\": \"0.0.1\",\n      \"ChannelId\": \"Channels-1\",\n      \"ReleaseNotes\": null,\n      \"ProjectDeploymentProcessSnapshotId\": \"deploymentprocess-Projects-1-s-7-XHBFT\",\n      \"IgnoreChannelRules\": false,\n      \"BuildInformation\": [],\n      \"Assembled\": \"2020-07-31T20:59:47.934+00:00\",\n      \"ProjectId\": \"Projects-1\",\n      \"LibraryVariableSetSnapshotIds\": [],\n      \"SelectedPackages\": [],\n      \"ProjectVariableSetSnapshotId\": \"variableset-Projects-1-s-0-5NR92\",\n      \"SpaceId\": \"Spaces-1\",\n      \"Links\": {\n        \"Self\": \"/api/Spaces-1/releases/Releases-1\",\n        \"Project\": \"/api/Spaces-1/projects/Projects-1\",\n        \"Progression\": \"/api/Spaces-1/releases/Releases-1/progression\",\n        \"Deployments\": \"/api/Spaces-1/releases/Releases-1/deployments{?skip,take}\",\n        \"DeploymentTemplate\": \"/api/Spaces-1/releases/Releases-1/deployments/template\",\n        \"Artifacts\": \"/api/Spaces-1/artifacts?regarding=Releases-1\",\n        \"ProjectVariableSnapshot\": \"/api/Spaces-1/variables/variableset-Projects-1-s-0-5NR92\",\n        \"ProjectDeploymentProcessSnapshot\": \"/api/Spaces-1/deploymentprocesses/deploymentprocess-Projects-1-s-7-XHBFT\",\n        \"Web\": \"/app#/Spaces-1/releases/Releases-1\",\n        \"SnapshotVariables\": \"/api/Spaces-1/releases/Releases-1/snapshot-variables\",\n        \"Defects\": \"/api/Spaces-1/releases/Releases-1/defects\",\n        \"ReportDefect\": \"/api/Spaces-1/releases/Releases-1/defects\",\n        \"ResolveDefect\": \"/api/Spaces-1/releases/Releases-1/defects/resolve\",\n        \"DeploymentPreviews\": \"/api/Spaces-1/releases/Releases-1/deployments/previews/\"\n      }\n    }\n  ],\n  \"Links\": {\n    \"Self\": \"/api/Spaces-1/releases\",\n    \"Template\": \"/api/Spaces-1/releases{?skip,take,ids}\",\n    \"Page.All\": \"/api/Spaces-1/releases?skip=0&take=2147483647\",\n    \"Page.Current\": \"/api/Spaces-1/releases?skip=0&take=30\",\n    \"Page.Last\": \"/api/Spaces-1/releases?skip=0&take=30\"\n  }\n}",
						"contentAvailable": true,
						"statusCode": 2
					},
					"Request": {
						"specId": 122,
						"type": "Request",
						"adapterType": null,
						"specType": "None",
						"status": "Active",
						"specification": "{}",
						"samplePayload": "{}",
						"contentAvailable": true,
						"statusCode": 2
					}
				}
			},
			"UPDATE_RECORD": {
				"templateId": 62,
				"operation": "UPDATE_RECORD",
				"httpVerb": "POST",
				"restUrl": "/api/deployments",
				"specifications": {
					"Response": {
						"specId": 123,
						"type": "Response",
						"adapterType": null,
						"specType": "JOLT",
						"status": "Active",
						"specification": "[\n  {\n    \"operation\": \"shift\",\n    \"spec\": {\n      \"Id\": \"id\",\n      \"Assembled\": \"fields.LastModifiedOn\",\n      \"*\": \"fields.&\"\n    }\n  }\n]\n",
						"samplePayload": "{\n  \"Id\": \"Deployments-4\",\n  \"ReleaseId\": \"Releases-2\",\n  \"ChannelId\": \"Channels-3\",\n  \"DeploymentProcessId\": \"deploymentprocess-Projects-1-s-2-7FZDH\",\n  \"Changes\": [\n    {\n      \"Version\": \"0.0.1-Hotfix\",\n      \"ReleaseNotes\": \"\",\n      \"BuildInformation\": [],\n      \"WorkItems\": [],\n      \"Commits\": []\n    }\n  ],\n  \"ChangesMarkdown\": \"\\r\\n**Release 0.0.1-Hotfix**\\r\\n\\r\\n\\r\\n\\r\\n\",\n  \"EnvironmentId\": \"Environments-3\",\n  \"TenantId\": null,\n  \"ForcePackageDownload\": false,\n  \"ForcePackageRedeployment\": false,\n  \"SkipActions\": [],\n  \"SpecificMachineIds\": [],\n  \"ExcludedMachineIds\": [],\n  \"ManifestVariableSetId\": \"variableset-Deployments-4\",\n  \"TaskId\": \"ServerTasks-112\",\n  \"ProjectId\": \"Projects-1\",\n  \"UseGuidedFailure\": false,\n  \"Comments\": null,\n  \"FormValues\": {},\n  \"QueueTime\": null,\n  \"QueueTimeExpiry\": null,\n  \"Name\": \"Deploy to Production\",\n  \"Created\": \"2020-08-12T03:31:37.376+00:00\",\n  \"SpaceId\": \"Spaces-1\",\n  \"TentacleRetentionPeriod\": {\n    \"Unit\": \"Days\",\n    \"QuantityToKeep\": 0,\n    \"ShouldKeepForever\": true\n  },\n  \"DeployedBy\": \"jmcgowan@connectall.com\",\n  \"DeployedById\": \"Users-21\",\n  \"FailureEncountered\": false,\n  \"DeployedToMachineIds\": [],\n  \"LastModifiedOn\": \"2020-08-12T03:31:37.520+00:00\",\n  \"LastModifiedBy\": \"jmcgowan@connectall.com\",\n  \"Links\": {\n    \"Self\": \"/api/Spaces-1/deployments/Deployments-4\",\n    \"Release\": \"/api/Spaces-1/releases/Releases-2\",\n    \"Environment\": \"/api/Spaces-1/environments/Environments-3\",\n    \"Project\": \"/api/Spaces-1/projects/Projects-1\",\n    \"Task\": \"/api/tasks/ServerTasks-112\",\n    \"Web\": \"/app#/Spaces-1/deployments/Deployments-4\",\n    \"Artifacts\": \"/api/Spaces-1/artifacts?regarding=Deployments-4\",\n    \"Interruptions\": \"/api/Spaces-1/interruptions?regarding=Deployments-4\",\n    \"DeploymentProcess\": \"/api/Spaces-1/deploymentprocesses/deploymentprocess-Projects-1-s-2-7FZDH\",\n    \"Variables\": \"/api/Spaces-1/variables/variableset-Deployments-4\"\n  }\n}",
						"contentAvailable": true,
						"statusCode": 2
					},
					"Request": {
						"specId": 124,
						"type": "Request",
						"adapterType": null,
						"specType": "JOLT",
						"status": "Active",
						"specification": "[\n  {\n    \"operation\": \"shift\",\n    \"spec\": {\n      \"id\":\"ReleaseId\",\n      \"fields\": {\n        \"EnvironmentId\":\"EnvironmentId\"\n      }\n    }\n  }\n]\n",
						"samplePayload": "{\n  \"id\": \"Releases-2\",\n  \"fields\": \n   {\n        \"ChannelId\": \"Channels-3\",\n         \"Version\":\"0.0.4\",\n        \"EnvironmentId\":\"Environments-3\"\n}\n  \n}",
						"contentAvailable": true,
						"statusCode": 2
					}
				}
			},
			"QUERY_RECORD_BY_ID": {
				"templateId": 64,
				"operation": "QUERY_RECORD_BY_ID",
				"httpVerb": "GET",
				"restUrl": "/api/releases/${recordId}",
				"specifications": {
					"Response": {
						"specId": 127,
						"type": "Response",
						"adapterType": null,
						"specType": "JOLT",
						"status": "Active",
						"specification": "[\n  {\n    \"operation\": \"shift\",\n    \"spec\": {\n      \"Id\": \"id\",\n      \"Assembled\": \"fields.LastModifiedOn\",\n      \"*\": \"fields.&\"\n    }\n  }\n]\n",
						"samplePayload": "{\n  \"Id\": \"Releases-4\",\n  \"Version\": \"0.0.3\",\n  \"ChannelId\": \"Channels-2\",\n  \"ReleaseNotes\": null,\n  \"ProjectDeploymentProcessSnapshotId\": \"deploymentprocess-Projects-2-s-1-HBJ4V\",\n  \"IgnoreChannelRules\": false,\n  \"BuildInformation\": [],\n  \"Assembled\": \"2020-08-01T22:19:28.418+00:00\",\n  \"ProjectId\": \"Projects-2\",\n  \"LibraryVariableSetSnapshotIds\": [],\n  \"SelectedPackages\": [],\n  \"ProjectVariableSetSnapshotId\": \"variableset-Projects-2-s-0-95B3D\",\n  \"SpaceId\": \"Spaces-1\",\n  \"Links\": {\n    \"Self\": \"/api/Spaces-1/releases/Releases-4\",\n    \"Project\": \"/api/Spaces-1/projects/Projects-2\",\n    \"Progression\": \"/api/Spaces-1/releases/Releases-4/progression\",\n    \"Deployments\": \"/api/Spaces-1/releases/Releases-4/deployments{?skip,take}\",\n    \"DeploymentTemplate\": \"/api/Spaces-1/releases/Releases-4/deployments/template\",\n    \"Artifacts\": \"/api/Spaces-1/artifacts?regarding=Releases-4\",\n    \"ProjectVariableSnapshot\": \"/api/Spaces-1/variables/variableset-Projects-2-s-0-95B3D\",\n    \"ProjectDeploymentProcessSnapshot\": \"/api/Spaces-1/deploymentprocesses/deploymentprocess-Projects-2-s-1-HBJ4V\",\n    \"Web\": \"/app#/Spaces-1/releases/Releases-4\",\n    \"SnapshotVariables\": \"/api/Spaces-1/releases/Releases-4/snapshot-variables\",\n    \"Defects\": \"/api/Spaces-1/releases/Releases-4/defects\",\n    \"ReportDefect\": \"/api/Spaces-1/releases/Releases-4/defects\",\n    \"ResolveDefect\": \"/api/Spaces-1/releases/Releases-4/defects/resolve\",\n    \"DeploymentPreviews\": \"/api/Spaces-1/releases/Releases-4/deployments/previews/\"\n  }\n}",
						"contentAvailable": true,
						"statusCode": 2
					},
					"Request": {
						"specId": 128,
						"type": "Request",
						"adapterType": null,
						"specType": null,
						"status": "Active",
						"specification": null,
						"samplePayload": null,
						"contentAvailable": false,
						"statusCode": 2
					}
				}
			}
		},
		"default": false
	}
]