{
	"version": null,
	"displayName": "OctuposDeploy",
	"type": "octopus",
	"logo": "octopus.png",
	"logoSmall": "octopus.png",
	"metadata": [
		{
			"name": "artifact",
			"dependent": false,
			"dependentMetadata": null,
			"values": [
				{
					"id": "releases",
					"name": "Release",
					"attributeName": null,
					"referenceType": null,
					"dependents": null,
					"regex": false
				},
				{
					"id": "deployments",
					"name": "Deployment",
					"attributeName": null,
					"referenceType": null,
					"dependents": null,
					"regex": false
				}
			]
		},
		{
			"name": "project",
			"dependent": false,
			"dependentMetadata": null,
			"values": [
				{
					"id": "Projects-1",
					"name": "My Project",
					"attributeName": null,
					"referenceType": null,
					"dependents": null,
					"regex": false
				}
			]
		}
	],
	"fields": [
		{
			"id": "EnvironmentId",
			"name": "Environment",
			"datatype": "String",
			"values": [
				{
					"id": "Environments-1",
					"name": "Development",
					"attributeName": null,
					"referenceType": null,
					"dependents": null,
					"regex": false
				},
				{
					"id": "Environments-2",
					"name": "Test",
					"attributeName": null,
					"referenceType": null,
					"dependents": null,
					"regex": false
				},
				{
					"id": "Environments-3",
					"name": "Production",
					"attributeName": null,
					"referenceType": null,
					"dependents": null,
					"regex": false
				}
			]
		},
		{
			"id": "Version",
			"name": "Version",
			"datatype": "String",
			"values": null
		},
		{
			"id": "ProjectId",
			"name": "ProjectId",
			"datatype": "String",
			"values": [
				{
					"id": "Projects-1",
					"name": "Johnathan's Project",
					"attributeName": null,
					"referenceType": null,
					"dependents": null,
					"regex": false
				}
			]
		},
		{
			"id": "Assembled",
			"name": "Assembled",
			"datatype": "Datetime",
			"values": null
		},
		{
			"id": "LastModifiedOn",
			"name": "LastModifiedOn",
			"datatype": "Datetime",
			"values": null
		},
		{
			"id": "Id",
			"name": "Id",
			"datatype": "String",
			"values": null
		},
		{
			"id": "ReleaseId",
			"name": "ReleaseId",
			"datatype": "String",
			"values": null
		},
		{
			"id": "ChannelId",
			"name": "Channel",
			"datatype": "String",
			"values": [
				{
					"id": "Channels-1",
					"name": "Default",
					"attributeName": null,
					"referenceType": null,
					"dependents": null,
					"regex": false
				},
				{
					"id": "Channels-3",
					"name": "Hotfix",
					"attributeName": null,
					"referenceType": null,
					"dependents": null,
					"regex": false
				}
			]
		},
		{
			"id": "ReleaseNotes",
			"name": "ReleaseNotes",
			"datatype": "String",
			"values": null
		},
		{
			"id": "Name",
			"name": "Name",
			"datatype": "String",
			"values": null
		}
	],
	"loginOptions": [],
	"idFieldName": "Id",
	"titleFieldName": "Version",
	"projectFieldName": "",
	"artifactFieldName": "",
	"testStepsFieldName": "",
	"changedDateFieldName": "LastModifiedOn",
	"dateFormat": "yyyy-MM-dd",
	"dateTimeFormat": "yyyy-MM-dd'T'HH:mm:ss.SSSZ",
	"queryDateFormat": "yyyy-MM-dd'T'HH:mm:ss.SSSZ",
	"iso8601DateFormat": false,
	"commentFieldName": "",
	"commentFieldId": "",
	"attachmentFieldName": "",
	"attachmentFieldId": "",
	"apiVersion": "",
	"callBackUrlConfigured": false,
	"callBackUrls": [],
	"apiProvider": "ExternalApplication",
	"applicationType": null,
	"urlDescription": "",
	"userNameDescription": "",
	"passwordDescription": "",
	"paginationSupported": false,
	"paginationAttributes": null,
	"status": "Active",
	"active": true,
	"syncModel": "ReadWrite"
}